"FIPS code, 2020",Virginia counties and county-equivalent cities,"Number of people in state prison or local jail from each county or city, 2020","Census population, 2020","Total population, 2020","Incarceration rate per 100,000"
51001,Accomack County,222,33413,33538,662
51003,Albemarle County,294,112395,112367,262
51005,Alleghany County,137,15223,15360,892
51007,Amelia County,85,13265,13350,637
51009,Amherst County,218,31307,31089,701
51011,Appomattox County,115,16119,16234,708
51013,Arlington County,166,238643,238714,70
51015,Augusta County,514,77487,76264,674
51017,Bath County,16,4209,4225,379
51019,Bedford County,326,79462,79717,409
51021,Bland County,22,6270,5766,382
51023,Botetourt County,122,33596,33613,363
51025,Brunswick County,170,15849,14572,1167
51027,Buchanan County,248,20355,19903,1246
51029,Buckingham County,135,16824,15485,872
51031,Campbell County,388,55696,55844,695
51033,Caroline County,217,30887,31000,700
51035,Carroll County,192,29155,29347,654
51036,Charles City County,51,6773,6824,747
51037,Charlotte County,95,11529,11561,822
51041,Chesterfield County,1191,364548,365306,326
51043,Clarke County,24,14783,14807,162
51045,Craig County,13,4892,4905,265
51047,Culpeper County,302,52552,52143,579
51049,Cumberland County,65,9675,9740,667
51051,Dickenson County,159,14124,14041,1132
51053,Dinwiddie County,203,27947,28150,721
51057,Essex County,93,10599,10692,870
51059,Fairfax County,921,1150309,1150865,80
51061,Fauquier County,191,72972,73138,261
51063,Floyd County,84,15476,15560,540
51065,Fluvanna County,99,27249,26508,373
51067,Franklin County,313,54477,54750,572
51069,Frederick County,204,91419,91417,223
51071,Giles County,128,16787,16915,757
51073,Gloucester County,251,38711,38937,645
51075,Goochland County,61,24727,24149,253
51077,Grayson County,102,15333,14787,690
51079,Greene County,95,20552,20647,460
51081,Greensville County,88,11391,9025,975
51083,Halifax County,335,34022,34032,984
51085,Hanover County,295,109979,109991,268
51087,Henrico County,1792,334389,335130,535
51089,Henry County,551,50948,51250,1075
51091,Highland County,3,2232,2235,134
51093,Isle of Wight County,189,38606,38795,487
51095,James City County,273,78254,78527,348
51097,King and Queen County,42,6608,6650,632
51099,King George County,144,26723,26867,536
51101,King William County,81,17810,17891,453
51103,Lancaster County,61,10919,10962,556
51105,Lee County,259,22173,22432,1155
51107,Loudoun County,351,420959,421129,83
51109,Louisa County,233,37596,37829,616
51111,Lunenburg County,93,11936,11280,824
51113,Madison County,71,13837,13908,511
51115,Mathews County,57,8533,8590,664
51117,Mecklenburg County,326,30319,30315,1075
51119,Middlesex County,59,10625,10533,560
51121,Montgomery County,332,99721,99996,332
51125,Nelson County,92,14775,14867,619
51127,New Kent County,73,22945,23018,317
51131,Northampton County,103,12282,12324,836
51133,Northumberland County,52,11839,11891,437
51135,Nottoway County,148,15642,14592,1014
51137,Orange County,217,36254,36120,601
51139,Page County,235,23709,23892,984
51141,Patrick County,143,17608,17639,811
51143,Pittsylvania County,473,60501,60170,786
51145,Powhatan County,66,30333,29626,223
51147,Prince Edward County,132,21849,21727,608
51149,Prince George County,135,43010,42154,320
51153,Prince William County,964,482204,482691,200
51155,Pulaski County,367,33800,33439,1098
51157,Rappahannock County,25,7348,7373,339
51159,Richmond County,50,8923,7900,633
51161,Roanoke County,317,96929,96555,328
51163,Rockbridge County,188,22650,22738,827
51165,Rockingham County,425,83757,84182,505
51167,Russell County,266,25781,26047,1021
51169,Scott County,131,21576,21245,617
51171,Shenandoah County,207,44186,44393,466
51173,Smyth County,303,29800,29939,1012
51175,Southampton County,151,17996,17144,881
51177,Spotsylvania County,676,140032,140708,480
51179,Stafford County,620,156927,156479,396
51181,Surry County,41,6561,6602,621
51183,Sussex County,75,10829,9366,801
51185,Tazewell County,442,40429,39991,1105
51187,Warren County,207,40727,40572,510
51191,Washington County,406,53935,53690,756
51193,Westmoreland County,154,18477,18631,827
51195,Wise County,324,36130,35086,923
51197,Wythe County,233,28290,28523,817
51199,York County,160,70045,70205,228
51510,Alexandria city,224,159467,159558,140
51520,Bristol city,230,17219,17379,1323
51530,Buena Vista city,56,6641,6697,836
51540,Charlottesville city,237,46553,46790,507
51550,Chesapeake city,1516,249422,248285,611
51570,Colonial Heights city,77,18170,18247,422
51580,Covington city,89,5737,5767,1543
51590,Danville city,674,42590,43000,1567
51595,Emporia city,87,5766,5853,1486
51600,Fairfax city,33,24146,24179,136
51610,Falls Church city,4,14658,14662,27
51620,Franklin city,131,8180,8311,1576
51630,Fredericksburg city,239,27982,28221,847
51640,Galax city,73,6720,6793,1075
51650,Hampton city,1017,137148,137951,737
51660,Harrisonburg city,332,51814,51939,639
51670,Hopewell city,314,23033,23347,1345
51678,Lexington city,15,7320,7335,205
51680,Lynchburg city,643,79009,79307,811
51683,Manassas city,144,42772,42916,336
51685,Manassas Park city,42,17219,17261,243
51690,Martinsville city,243,13485,13602,1787
51700,Newport News city,1319,186247,187214,705
51710,Norfolk city,2653,238005,239956,1106
51720,Norton city,47,3687,3734,1259
51730,Petersburg city,555,33458,34013,1632
51735,Poquoson city,26,12460,12486,208
51740,Portsmouth city,1298,97915,98152,1322
51750,Radford city,80,16070,16150,495
51760,Richmond city,2496,226610,228501,1092
51770,Roanoke city,1045,100011,100680,1038
51775,Salem city,121,25346,25360,477
51790,Staunton city,246,25750,25996,946
51800,Suffolk city,797,94324,94494,843
51810,Virginia Beach city,1823,459470,460278,396
51820,Waynesboro city,242,22196,22438,1079
51830,Williamsburg city,64,15425,15150,422
51840,Winchester city,155,28120,28275,548
