FIPS,County,Incarcerated,Census_population,Total_population,Incarceration_rate_per_100k,County_pct,Estimated_Returnees
51001,Accomack County,222,33413,33538,662,0.005304025803368773,121.38
51003,Albemarle County,294,112395,112367,262,0.007024250388245132,160.75
51005,Alleghany County,137,15223,15360,892,0.0032732051128897383,74.91
51007,Amelia County,85,13265,13350,637,0.0020308206904790346,46.48
51009,Amherst County,218,31307,31089,701,0.0052084577708756425,119.2
51011,Appomattox County,115,16119,16234,708,0.002747580934177518,62.88
51013,Arlington County,166,238643,238714,70,0.003966073348464939,90.76
51015,Augusta County,514,77487,76264,674,0.01228049217536734,281.04
51017,Bath County,16,4209,4225,379,0.0003822721299725242,8.75
51019,Bedford County,326,79462,79717,409,0.00778879464819018,178.25
51021,Bland County,22,6270,5766,382,0.0005256241787122207,12.03
51023,Botetourt County,122,33596,33613,363,0.002914824991040497,66.71
51025,Brunswick County,170,15849,14572,1167,0.004061641380958069,92.95
51027,Buchanan County,248,20355,19903,1246,0.005925218014574125,135.6
51029,Buckingham County,135,16824,15485,872,0.0032254210966431726,73.81
51031,Campbell County,388,55696,55844,695,0.009270099151833711,212.15
51033,Caroline County,217,30887,31000,700,0.005184565762752359,118.65
51035,Carroll County,192,29155,29347,654,0.00458726555967029,104.98
51036,Charles City County,51,6773,6824,747,0.0012184924142874208,27.89
51037,Charlotte County,95,11529,11561,822,0.0022697407717118625,51.94
51041,Chesterfield County,1191,364548,365306,326,0.02845538167482977,651.2
51043,Clarke County,24,14783,14807,162,0.0005734081949587863,13.12
51045,Craig County,13,4892,4905,265,0.0003105961056026759,7.11
51047,Culpeper County,302,52552,52143,579,0.007215386453231394,165.12
51049,Cumberland County,65,9675,9740,667,0.0015529805280133796,35.54
51051,Dickenson County,159,14124,14041,1132,0.0037988292916019593,86.94
51053,Dinwiddie County,203,27947,28150,721,0.004850077649026401,110.99
51057,Essex County,93,10599,10692,870,0.002221956755465297,50.85
51059,Fairfax County,921,1150309,1150865,80,0.022004539481543423,503.57
51061,Fauquier County,191,72972,73138,261,0.004563373551547008,104.43
51063,Floyd County,84,15476,15560,540,0.002006928682355752,45.93
51065,Fluvanna County,99,27249,26508,373,0.0023653088042049934,54.13
51067,Franklin County,313,54477,54750,572,0.007478198542587505,171.14
51069,Frederick County,204,91419,91417,223,0.004873969657149683,111.54
51071,Giles County,128,16787,16915,757,0.0030581770397801935,69.99
51073,Gloucester County,251,38711,38937,645,0.005996894038943973,137.24
51075,Goochland County,61,24727,24149,253,0.0014574124955202485,33.35
51077,Grayson County,102,15333,14787,690,0.0024369848285748417,55.77
51079,Greene County,95,20552,20647,460,0.0022697407717118625,51.94
51081,Greensville County,88,11391,9025,975,0.002102496714848883,48.12
51083,Halifax County,335,34022,34032,984,0.008003822721299726,183.17
51085,Hanover County,295,109979,109991,268,0.007048142396368415,161.3
51087,Henrico County,1792,334389,335130,535,0.04281447855692271,979.81
51089,Henry County,551,50948,51250,1075,0.013164496475928801,301.27
51091,Highland County,3,2232,2235,134,7.167602436984828e-05,1.64
51093,Isle of Wight County,189,38606,38795,487,0.004515589535300442,103.34
51095,James City County,273,78254,78527,348,0.006522518217656194,149.27
51097,King and Queen County,42,6608,6650,632,0.001003464341177876,22.96
51099,King George County,144,26723,26867,536,0.003440449169752718,78.73
51101,King William County,81,17810,17891,453,0.0019352526579859038,44.29
51103,Lancaster County,61,10919,10962,556,0.0014574124955202485,33.35
51105,Lee County,259,22173,22432,1155,0.006188030103930236,141.61
51107,Loudoun County,351,420959,421129,83,0.008386094851272249,191.92
51109,Louisa County,233,37596,37829,616,0.005566837892724883,127.4
51111,Lunenburg County,93,11936,11280,824,0.002221956755465297,50.85
51113,Madison County,71,13837,13908,511,0.0016963325767530761,38.82
51115,Mathews County,57,8533,8590,664,0.0013618444630271174,31.17
51117,Mecklenburg County,326,30319,30315,1075,0.00778879464819018,178.25
51119,Middlesex County,59,10625,10533,560,0.001409628479273683,32.26
51121,Montgomery County,332,99721,99996,332,0.007932146696929878,181.53
51125,Nelson County,92,14775,14867,619,0.0021980647473420142,50.3
51127,New Kent County,73,22945,23018,317,0.0017441165929996416,39.91
51131,Northampton County,103,12282,12324,836,0.0024608768366981243,56.32
51133,Northumberland County,52,11839,11891,437,0.0012423844224107037,28.43
51135,Nottoway County,148,15642,14592,1014,0.0035360172022458488,80.92
51137,Orange County,217,36254,36120,601,0.005184565762752359,118.65
51139,Page County,235,23709,23892,984,0.005614621908971449,128.49
51141,Patrick County,143,17608,17639,811,0.003416557161629435,78.19
51143,Pittsylvania County,473,60501,60170,786,0.011300919842312747,258.62
51145,Powhatan County,66,30333,29626,223,0.0015768725361366622,36.09
51147,Prince Edward County,132,21849,21727,608,0.0031537450722733244,72.17
51149,Prince George County,135,43010,42154,320,0.0032254210966431726,73.81
51153,Prince William County,964,482204,482691,200,0.02303189583084458,527.08
51155,Pulaski County,367,33800,33439,1098,0.008768366981244774,200.66
51157,Rappahannock County,25,7348,7373,339,0.000597300203082069,13.67
51159,Richmond County,50,8923,7900,633,0.001194600406164138,27.34
51161,Roanoke County,317,96929,96555,328,0.007573766575080636,173.33
51163,Rockbridge County,188,22650,22738,827,0.004491697527177159,102.79
51165,Rockingham County,425,83757,84182,505,0.010154103452395175,232.38
51167,Russell County,266,25781,26047,1021,0.006355274160793215,145.44
51169,Scott County,131,21576,21245,617,0.0031298530641500418,71.63
51171,Shenandoah County,207,44186,44393,466,0.004945645681519532,113.18
51173,Smyth County,303,29800,29939,1012,0.007239278461354677,165.67
51175,Southampton County,151,17996,17144,881,0.003607693226615697,82.56
51177,Spotsylvania County,676,140032,140708,480,0.016150997491339147,369.62
51179,Stafford County,620,156927,156479,396,0.014813045036435312,339.0
51181,Surry County,41,6561,6602,621,0.0009795723330545932,22.42
51183,Sussex County,75,10829,9366,801,0.0017919006092462072,41.01
51185,Tazewell County,442,40429,39991,1105,0.01056026759049098,241.67
51187,Warren County,207,40727,40572,510,0.004945645681519532,113.18
51191,Washington County,406,53935,53690,756,0.009700155298052801,221.99
51193,Westmoreland County,154,18477,18631,827,0.0036793692509855453,84.2
51195,Wise County,324,36130,35086,923,0.007741010631943615,177.15
51197,Wythe County,233,28290,28523,817,0.005566837892724883,127.4
51199,York County,160,70045,70205,228,0.003822721299725242,87.48
51510,Alexandria city,224,159467,159558,140,0.005351809819615339,122.48
51520,Bristol city,230,17219,17379,1323,0.005495161868355036,125.76
51530,Buena Vista city,56,6641,6697,836,0.0013379524549038348,30.62
51540,Charlottesville city,237,46553,46790,507,0.005662405925218015,129.58
51550,Chesapeake city,1516,249422,248285,611,0.03622028431489667,828.9
51570,Colonial Heights city,77,18170,18247,422,0.0018396846254927727,42.1
51580,Covington city,89,5737,5767,1543,0.002126388722972166,48.66
51590,Danville city,674,42590,43000,1567,0.01610321347509258,368.52
51595,Emporia city,87,5766,5853,1486,0.0020786047067256003,47.57
51600,Fairfax city,33,24146,24179,136,0.0007884362680683311,18.04
51610,Falls Church city,4,14658,14662,27,9.556803249313105e-05,2.19
51620,Franklin city,131,8180,8311,1576,0.0031298530641500418,71.63
51630,Fredericksburg city,239,27982,28221,847,0.00571018994146458,130.68
51640,Galax city,73,6720,6793,1075,0.0017441165929996416,39.91
51650,Hampton city,1017,137148,137951,737,0.024298172261378568,556.06
51660,Harrisonburg city,332,51814,51939,639,0.007932146696929878,181.53
51670,Hopewell city,314,23033,23347,1345,0.007502090550710787,171.69
51678,Lexington city,15,7320,7335,205,0.0003583801218492414,8.2
51680,Lynchburg city,643,79009,79307,811,0.015362561223270815,351.57
51683,Manassas city,144,42772,42916,336,0.003440449169752718,78.73
51685,Manassas Park city,42,17219,17261,243,0.001003464341177876,22.96
51690,Martinsville city,243,13485,13602,1787,0.005805757973957711,132.86
51700,Newport News city,1319,186247,187214,705,0.031513558714609965,721.19
51710,Norfolk city,2653,238005,239956,1106,0.06338549755106916,1450.58
51720,Norton city,47,3687,3734,1259,0.0011229243817942897,25.7
51730,Petersburg city,555,33458,34013,1632,0.013260064508421933,303.46
51735,Poquoson city,26,12460,12486,208,0.0006211922112053518,14.22
51740,Portsmouth city,1298,97915,98152,1322,0.031011826544021025,709.71
51750,Radford city,80,16070,16150,495,0.001911360649862621,43.74
51760,Richmond city,2496,226610,228501,1092,0.059634452275713776,1364.73
51770,Roanoke city,1045,100011,100680,1038,0.024967148488830485,571.37
51775,Salem city,121,25346,25360,477,0.0028909329829172143,66.16
51790,Staunton city,246,25750,25996,946,0.005877433998327559,134.51
51800,Suffolk city,797,94324,94494,843,0.019041930474256362,435.77
51810,Virginia Beach city,1823,459470,460278,396,0.04355513080874447,996.76
51820,Waynesboro city,242,22196,22438,1079,0.005781865965834429,132.32
51830,Williamsburg city,64,15425,15150,422,0.0015290885198900967,34.99
51840,Winchester city,155,28120,28275,548,0.003703261259108828,84.75
