County_Name,GO_Virginia_Region
Accomack County,1
Northampton County,1
Hampton,2
James City County,2
Newport News,2
Poquoson,2
Williamsburg,2
York County,2
Chesapeake,3
Isle of Wight County,3
Norfolk,3
Portsmouth,3
Southampton County,3
Suffolk,3
Virginia Beach,3
Franklin,3
Arlington County,4
Fairfax County,4
Fairfax,4
Falls Church,4
Loudoun County,4
Alexandria,4
Manassas,4
Manassas Park,4
Prince William County,4
Culpeper County,5
Fauquier County,5
Fredericksburg,5
King George County,5
Spotsylvania County,5
Stafford County,5
Caroline County,6
Charles City County,6
Chesterfield County,6
Colonial Heights,6
Dinwiddie County,6
Essex County,6
Goochland County,6
Hanover County,6
Henrico County,6
Hopewell,6
King & Queen County,6
King William County,6
New Kent County,6
Petersburg,6
Powhatan County,6
Prince George County,6
Richmond,6
Sussex County,6
Amelia County,7
Brunswick County,7
Buckingham County,7
Charlotte County,7
Cumberland County,7
Halifax County,7
Lunenburg County,7
Mecklenburg County,7
Nottoway County,7
Prince Edward County,7
Albemarle County,9
Augusta County,8
Bath County,8
Buena Vista,8
Clarke County,8
Frederick County,8
Harrisonburg,8
Highland County,8
Lexington,8
Page County,8
Rockbridge County,8
Rockingham County,8
Shenandoah County,8
Staunton,8
Waynesboro,8
Winchester,8
Alleghany County,9
Amherst County,9
Appomattox County,9
Bedford County,9
Campbell County,9
Charlottesville,9
Danville,9
Fluvanna County,9
Greene County,9
Hampton,2
Henrico County,6
Henry County,9
Lexington City,8
Lynchburg,9
Martinsville,9
Nelson County,9
Patrick County,9
Pittsylvania County,9
Roanoke County,9
Roanoke,9
Salem,9
